[
  {
    "name": "Peach Blush",
    "brand": "NYX",
    "color": "персиковый",
    "skin_tone": [
      "светлый",
      "средний"
    ],
    "eye_color": [
      "голубые",
      "зеленые",
      "серые"
    ],
    "occasion": [
      "повседневный",
      "летний"
    ],
    "price": 800,
    "description": "Персиковые румяна, освежают лицо",
    "image_url": "https://example.com/blush1.jpg",
    "hair_color": [
      "блондин",
      "русые",
      "шатен",
      "брюнет",
      "рыжие"
    ],
    "face_shape": [
      "овальное",
      "квадратное",
      "круглое",
      "треугольное"
    ]
  },
  {
    "name": "Rose Blush",
    "brand": "MAC",
    "color": "розовый",
    "skin_tone": [
      "светлый",
      "средний"
    ],
    "eye_color": [
      "карие",
      "серые",
      "голубые"
    ],
    "occasion": [
      "повседневный",
      "офисный"
    ],
    "price": 2300,
    "description": "Розовые румяна без сильных блесток",
    "image_url": "https://example.com/blush2.jpg",
    "hair_color": [
      "блондин",
      "русые",
      "шатен",
      "брюнет",
      "рыжие"
    ],
    "face_shape": [
      "овальное",
      "квадратное",
      "круглое",
      "треугольное"
    ]
  },
  {
    "name": "Bronze Blush",
    "brand": "NARS",
    "color": "бронзово-розовый",
    "skin_tone": [
      "средний",
      "темный"
    ],
    "eye_color": [
      "карие",
      "темные",
      "зеленые"
    ],
    "occasion": [
      "вечерний",
      "особый"
    ],
    "price": 3200,
    "description": "Более яркие румяна для вечернего макияжа",
    "image_url": "https://example.com/blush3.jpg",
    "hair_color": [
      "блондин",
      "русые",
      "шатен",
      "брюнет",
      "рыжие"
    ],
    "face_shape": [
      "овальное",
      "квадратное",
      "круглое",
      "треугольное"
    ]
  },
  {
    "name": "Natural Blush Stick",
    "brand": "Glossier",
    "color": "нюд",
    "skin_tone": [
      "светлый",
      "средний",
      "темный"
    ],
    "eye_color": [
      "карие",
      "зеленые",
      "голубые",
      "серые",
      "темные"
    ],
    "occasion": [
      "натуральный"
    ],
    "price": 1900,
    "description": "Кремовые румяна-стик, быстро наносить",
    "image_url": "https://example.com/blush4.jpg",
    "hair_color": [
      "блондин",
      "русые",
      "шатен",
      "брюнет",
      "рыжие"
    ],
    "face_shape": [
      "овальное",
      "квадратное",
      "круглое",
      "треугольное"
    ]
  },
  {
    "name": "Autumn Terracotta",
    "brand": "L'Oreal",
    "color": "терракотовый",
    "skin_tone": [
      "средний"
    ],
    "eye_color": [
      "карие",
      "зеленые"
    ],
    "occasion": [
      "осенний"
    ],
    "price": 1100,
    "description": "Теплый оттенок, хорошо под осень",
    "image_url": "https://example.com/blush5.jpg",
    "hair_color": [
      "блондин",
      "русые",
      "шатен",
      "брюнет",
      "рыжие"
    ],
    "face_shape": [
      "овальное",
      "квадратное",
      "круглое",
      "треугольное"
    ]
  },
  {
    "name": "Winter Pink",
    "brand": "Sephora",
    "color": "холодный розовый",
    "skin_tone": [
      "светлый"
    ],
    "eye_color": [
      "серые",
      "голубые"
    ],
    "occasion": [
      "зимний"
    ],
    "price": 1200,
    "description": "Холодный розовый для зимнего образа",
    "image_url": "https://example.com/blush6.jpg",
    "hair_color": [
      "блондин",
      "русые",
      "шатен",
      "брюнет",
      "рыжие"
    ],
    "face_shape": [
      "овальное",
      "квадратное",
      "круглое",
      "треугольное"
    ]
  },
  {
    "name": "Office Soft Coral",
    "brand": "Maybelline",
    "color": "коралловый",
    "skin_tone": [
      "светлый",
      "средний"
    ],
    "eye_color": [
      "карие",
      "зеленые",
      "голубые"
    ],
    "occasion": [
      "офисный"
    ],
    "price": 650,
    "description": "Легкий коралл, не слишком ярко",
    "image_url": "https://example.com/blush7.jpg",
    "hair_color": [
      "блондин",
      "русые",
      "шатен",
      "брюнет",
      "рыжие"
    ],
    "face_shape": [
      "овальное",
      "квадратное",
      "круглое",
      "треугольное"
    ]
  },
  {
    "name": "Deep Berry Blush",
    "brand": "Fenty Beauty",
    "color": "ягодный",
    "skin_tone": [
      "темный"
    ],
    "eye_color": [
      "темные",
      "карие"
    ],
    "occasion": [
      "вечерний",
      "особый"
    ],
    "price": 2700,
    "description": "Ягодные румяна, хорошо видны на темной коже",
    "image_url": "https://example.com/blush8.jpg",
    "hair_color": [
      "блондин",
      "русые",
      "шатен",
      "брюнет",
      "рыжие"
    ],
    "face_shape": [
      "овальное",
      "квадратное",
      "круглое",
      "треугольное"
    ]
  },
  {
    "name": "Pink Powder Blush",
    "brand": "Catrice",
    "color": "розовый",
    "skin_tone": [
      "светлый",
      "средний"
    ],
    "eye_color": [
      "карие",
      "зеленые",
      "голубые",
      "серые",
      "темные"
    ],
    "occasion": [
      "повседневный"
    ],
    "price": 450,
    "description": "Обычные румяна, на каждый день",
    "image_url": "https://example.com/blush9.jpg",
    "hair_color": [
      "блондин",
      "русые",
      "шатен",
      "брюнет",
      "рыжие"
    ],
    "face_shape": [
      "овальное",
      "квадратное",
      "круглое",
      "треугольное"
    ]
  },
  {
    "name": "Apricot Cream Blush",
    "brand": "Sephora",
    "color": "абрикосовый",
    "skin_tone": [
      "светлый",
      "средний"
    ],
    "eye_color": [
      "голубые",
      "зеленые"
    ],
    "occasion": [
      "летний"
    ],
    "price": 1300,
    "description": "Кремовые румяна, смотрятся очень свежо",
    "image_url": "https://example.com/blush10.jpg",
    "hair_color": [
      "блондин",
      "русые",
      "шатен",
      "брюнет",
      "рыжие"
    ],
    "face_shape": [
      "овальное",
      "квадратное",
      "круглое",
      "треугольное"
    ]
  },
  {
    "name": "Evening Shimmer Blush",
    "brand": "Huda Beauty",
    "color": "розовое золото",
    "skin_tone": [
      "средний",
      "темный"
    ],
    "eye_color": [
      "карие",
      "темные"
    ],
    "occasion": [
      "вечерний",
      "особый"
    ],
    "price": 2900,
    "description": "Румяна с легким сиянием на вечер",
    "image_url": "https://example.com/blush11.jpg",
    "hair_color": [
      "блондин",
      "русые",
      "шатен",
      "брюнет",
      "рыжие"
    ],
    "face_shape": [
      "овальное",
      "квадратное",
      "круглое",
      "треугольное"
    ]
  },
  {
    "name": "Simple Nude Blush",
    "brand": "Makeup Revolution",
    "color": "розово-бежевый",
    "skin_tone": [
      "светлый",
      "средний",
      "темный"
    ],
    "eye_color": [
      "карие",
      "зеленые",
      "голубые",
      "серые",
      "темные"
    ],
    "occasion": [
      "натуральный",
      "повседневный"
    ],
    "price": 900,
    "description": "Нейтральные румяна, сложно переборщить",
    "image_url": "https://example.com/blush12.jpg",
    "hair_color": [
      "блондин",
      "русые",
      "шатен",
      "брюнет",
      "рыжие"
    ],
    "face_shape": [
      "овальное",
      "квадратное",
      "круглое",
      "треугольное"
    ]
  }
]
