[
  {
    "name": "Black Liquid Liner",
    "brand": "Maybelline",
    "color": "черный",
    "skin_tone": [
      "светлый",
      "средний",
      "темный"
    ],
    "eye_color": [
      "карие",
      "зеленые",
      "голубые",
      "серые",
      "темные"
    ],
    "occasion": [
      "повседневный",
      "офисный"
    ],
    "price": 650,
    "description": "Простая жидкая подводка, рисует стрелку",
    "image_url": "https://example.com/eyeliner1.jpg",
    "hair_color": [
      "блондин",
      "русые",
      "шатен",
      "брюнет",
      "рыжие"
    ],
    "face_shape": [
      "овальное",
      "квадратное",
      "круглое",
      "треугольное"
    ]
  },
  {
    "name": "Waterproof Pen",
    "brand": "NYX",
    "color": "черный",
    "skin_tone": [
      "светлый",
      "средний",
      "темный"
    ],
    "eye_color": [
      "карие",
      "зеленые",
      "голубые",
      "серые",
      "темные"
    ],
    "occasion": [
      "летний",
      "особый"
    ],
    "price": 900,
    "description": "Водостойкая подводка-ручка",
    "image_url": "https://example.com/eyeliner2.jpg",
    "hair_color": [
      "блондин",
      "русые",
      "шатен",
      "брюнет",
      "рыжие"
    ],
    "face_shape": [
      "овальное",
      "квадратное",
      "круглое",
      "треугольное"
    ]
  },
  {
    "name": "Brown Soft Liner",
    "brand": "Catrice",
    "color": "коричневый",
    "skin_tone": [
      "светлый",
      "средний"
    ],
    "eye_color": [
      "голубые",
      "зеленые",
      "серые"
    ],
    "occasion": [
      "натуральный",
      "повседневный"
    ],
    "price": 400,
    "description": "Коричневый карандаш, если хочется мягко",
    "image_url": "https://example.com/eyeliner3.jpg",
    "hair_color": [
      "блондин",
      "русые",
      "шатен",
      "брюнет",
      "рыжие"
    ],
    "face_shape": [
      "овальное",
      "квадратное",
      "круглое",
      "треугольное"
    ]
  },
  {
    "name": "Smoky Gel Liner",
    "brand": "MAC",
    "color": "черный",
    "skin_tone": [
      "светлый",
      "средний",
      "темный"
    ],
    "eye_color": [
      "карие",
      "темные"
    ],
    "occasion": [
      "вечерний",
      "особый"
    ],
    "price": 2400,
    "description": "Гелевая подводка для более ярких глаз",
    "image_url": "https://example.com/eyeliner4.jpg",
    "hair_color": [
      "блондин",
      "русые",
      "шатен",
      "брюнет",
      "рыжие"
    ],
    "face_shape": [
      "овальное",
      "квадратное",
      "круглое",
      "треугольное"
    ]
  },
  {
    "name": "Office Thin Liner",
    "brand": "Clinique",
    "color": "темно-коричневый",
    "skin_tone": [
      "светлый",
      "средний",
      "темный"
    ],
    "eye_color": [
      "карие",
      "серые",
      "голубые"
    ],
    "occasion": [
      "офисный"
    ],
    "price": 2100,
    "description": "Тонкая линия, чтобы просто подчеркнуть глаза",
    "image_url": "https://example.com/eyeliner5.jpg",
    "hair_color": [
      "блондин",
      "русые",
      "шатен",
      "брюнет",
      "рыжие"
    ],
    "face_shape": [
      "овальное",
      "квадратное",
      "круглое",
      "треугольное"
    ]
  },
  {
    "name": "Green Accent Liner",
    "brand": "Sephora",
    "color": "зеленый",
    "skin_tone": [
      "светлый",
      "средний"
    ],
    "eye_color": [
      "карие",
      "зеленые"
    ],
    "occasion": [
      "особый"
    ],
    "price": 1200,
    "description": "Зеленая подводка, можно как акцент",
    "image_url": "https://example.com/eyeliner6.jpg",
    "hair_color": [
      "блондин",
      "русые",
      "шатен",
      "брюнет",
      "рыжие"
    ],
    "face_shape": [
      "овальное",
      "квадратное",
      "круглое",
      "треугольное"
    ]
  },
  {
    "name": "Autumn Bronze Liner",
    "brand": "L'Oreal",
    "color": "бронзовый",
    "skin_tone": [
      "средний"
    ],
    "eye_color": [
      "карие",
      "зеленые"
    ],
    "occasion": [
      "осенний"
    ],
    "price": 950,
    "description": "Бронзовый оттенок под осень",
    "image_url": "https://example.com/eyeliner7.jpg",
    "hair_color": [
      "блондин",
      "русые",
      "шатен",
      "брюнет",
      "рыжие"
    ],
    "face_shape": [
      "овальное",
      "квадратное",
      "круглое",
      "треугольное"
    ]
  },
  {
    "name": "Winter Grey Liner",
    "brand": "NARS",
    "color": "серый",
    "skin_tone": [
      "светлый"
    ],
    "eye_color": [
      "серые",
      "голубые"
    ],
    "occasion": [
      "зимний",
      "вечерний"
    ],
    "price": 2600,
    "description": "Серая подводка, выглядит холодно и красиво",
    "image_url": "https://example.com/eyeliner8.jpg",
    "hair_color": [
      "блондин",
      "русые",
      "шатен",
      "брюнет",
      "рыжие"
    ],
    "face_shape": [
      "овальное",
      "квадратное",
      "круглое",
      "треугольное"
    ]
  },
  {
    "name": "Blue Pencil Liner",
    "brand": "NYX",
    "color": "синий",
    "skin_tone": [
      "светлый",
      "средний"
    ],
    "eye_color": [
      "карие",
      "зеленые",
      "голубые"
    ],
    "occasion": [
      "особый",
      "вечерний"
    ],
    "price": 750,
    "description": "Синий карандаш, если надоело черное",
    "image_url": "https://example.com/eyeliner9.jpg",
    "hair_color": [
      "блондин",
      "русые",
      "шатен",
      "брюнет",
      "рыжие"
    ],
    "face_shape": [
      "овальное",
      "квадратное",
      "круглое",
      "треугольное"
    ]
  },
  {
    "name": "White Waterline Pencil",
    "brand": "Catrice",
    "color": "белый",
    "skin_tone": [
      "светлый",
      "средний",
      "темный"
    ],
    "eye_color": [
      "карие",
      "зеленые",
      "голубые",
      "серые",
      "темные"
    ],
    "occasion": [
      "натуральный",
      "офисный"
    ],
    "price": 350,
    "description": "Белый карандаш по слизистой, чтобы глаза были больше",
    "image_url": "https://example.com/eyeliner10.jpg",
    "hair_color": [
      "блондин",
      "русые",
      "шатен",
      "брюнет",
      "рыжие"
    ],
    "face_shape": [
      "овальное",
      "квадратное",
      "круглое",
      "треугольное"
    ]
  },
  {
    "name": "Deep Brown Gel",
    "brand": "L'Oreal",
    "color": "темно-коричневый",
    "skin_tone": [
      "средний",
      "темный"
    ],
    "eye_color": [
      "карие",
      "темные"
    ],
    "occasion": [
      "вечерний",
      "осенний"
    ],
    "price": 1200,
    "description": "Темно-коричневая гелевая подводка",
    "image_url": "https://example.com/eyeliner11.jpg",
    "hair_color": [
      "блондин",
      "русые",
      "шатен",
      "брюнет",
      "рыжие"
    ],
    "face_shape": [
      "овальное",
      "квадратное",
      "круглое",
      "треугольное"
    ]
  },
  {
    "name": "Silver Glitter Liner",
    "brand": "Huda Beauty",
    "color": "серебристый",
    "skin_tone": [
      "светлый",
      "средний",
      "темный"
    ],
    "eye_color": [
      "карие",
      "зеленые",
      "голубые",
      "серые",
      "темные"
    ],
    "occasion": [
      "особый",
      "зимний"
    ],
    "price": 2400,
    "description": "Серебряная подводка с блестками",
    "image_url": "https://example.com/eyeliner12.jpg",
    "hair_color": [
      "блондин",
      "русые",
      "шатен",
      "брюнет",
      "рыжие"
    ],
    "face_shape": [
      "овальное",
      "квадратное",
      "круглое",
      "треугольное"
    ]
  }
]
