[
  {
    "name": "Naked Palette",
    "brand": "Urban Decay",
    "color": "нейтральные",
    "skin_tone": [
      "светлый",
      "средний"
    ],
    "eye_color": [
      "карие",
      "зеленые",
      "голубые",
      "серые"
    ],
    "occasion": [
      "повседневный",
      "офисный",
      "вечерний"
    ],
    "price": 5500,
    "description": "Палитра нейтральных оттенков",
    "image_url": "https://example.com/eyeshadow1.jpg",
    "hair_color": [
      "блондин",
      "русые",
      "шатен",
      "брюнет",
      "рыжие"
    ],
    "face_shape": [
      "овальное",
      "квадратное",
      "круглое",
      "треугольное"
    ]
  },
  {
    "name": "Smoky Eyes Palette",
    "brand": "MAC",
    "color": "темные",
    "skin_tone": [
      "светлый",
      "средний",
      "темный"
    ],
    "eye_color": [
      "карие",
      "зеленые",
      "темные"
    ],
    "occasion": [
      "вечерний",
      "особый"
    ],
    "price": 4800,
    "description": "Палитра для дымчатого макияжа",
    "image_url": "https://example.com/eyeshadow2.jpg",
    "hair_color": [
      "блондин",
      "русые",
      "шатен",
      "брюнет",
      "рыжие"
    ],
    "face_shape": [
      "овальное",
      "квадратное",
      "круглое",
      "треугольное"
    ]
  },
  {
    "name": "Pastel Dreams",
    "brand": "Huda Beauty",
    "color": "пастельные",
    "skin_tone": [
      "светлый"
    ],
    "eye_color": [
      "голубые",
      "серые",
      "зеленые"
    ],
    "occasion": [
      "летний",
      "повседневный"
    ],
    "price": 4200,
    "description": "Нежные пастельные оттенки",
    "image_url": "https://example.com/eyeshadow3.jpg",
    "hair_color": [
      "блондин",
      "русые",
      "шатен",
      "брюнет",
      "рыжие"
    ],
    "face_shape": [
      "овальное",
      "квадратное",
      "круглое",
      "треугольное"
    ]
  },
  {
    "name": "Golden Hour",
    "brand": "Anastasia Beverly Hills",
    "color": "золотые",
    "skin_tone": [
      "светлый",
      "средний"
    ],
    "eye_color": [
      "карие",
      "зеленые"
    ],
    "occasion": [
      "вечерний",
      "особый"
    ],
    "price": 5000,
    "description": "Золотые и медные оттенки",
    "image_url": "https://example.com/eyeshadow4.jpg",
    "hair_color": [
      "блондин",
      "русые",
      "шатен",
      "брюнет",
      "рыжие"
    ],
    "face_shape": [
      "овальное",
      "квадратное",
      "круглое",
      "треугольное"
    ]
  },
  {
    "name": "Office Basics",
    "brand": "Maybelline",
    "color": "бежевые",
    "skin_tone": [
      "светлый",
      "средний",
      "темный"
    ],
    "eye_color": [
      "карие",
      "зеленые",
      "голубые",
      "серые",
      "темные"
    ],
    "occasion": [
      "офисный",
      "повседневный"
    ],
    "price": 900,
    "description": "Нейтральные оттенки без лишнего",
    "image_url": "https://example.com/eyeshadow5.jpg",
    "hair_color": [
      "блондин",
      "русые",
      "шатен",
      "брюнет",
      "рыжие"
    ],
    "face_shape": [
      "овальное",
      "квадратное",
      "круглое",
      "треугольное"
    ]
  },
  {
    "name": "Green Accent Quad",
    "brand": "NYX",
    "color": "зеленые",
    "skin_tone": [
      "светлый",
      "средний"
    ],
    "eye_color": [
      "карие",
      "зеленые"
    ],
    "occasion": [
      "вечерний",
      "особый"
    ],
    "price": 1200,
    "description": "Квад на зеленые акценты",
    "image_url": "https://example.com/eyeshadow6.jpg",
    "hair_color": [
      "блондин",
      "русые",
      "шатен",
      "брюнет",
      "рыжие"
    ],
    "face_shape": [
      "овальное",
      "квадратное",
      "круглое",
      "треугольное"
    ]
  },
  {
    "name": "Blue Smoke",
    "brand": "Sephora",
    "color": "сине-серые",
    "skin_tone": [
      "светлый"
    ],
    "eye_color": [
      "серые",
      "голубые"
    ],
    "occasion": [
      "вечерний",
      "зимний"
    ],
    "price": 1600,
    "description": "Холодные оттенки для зимнего образа",
    "image_url": "https://example.com/eyeshadow7.jpg",
    "hair_color": [
      "блондин",
      "русые",
      "шатен",
      "брюнет",
      "рыжие"
    ],
    "face_shape": [
      "овальное",
      "квадратное",
      "круглое",
      "треугольное"
    ]
  },
  {
    "name": "Warm Autumn",
    "brand": "Makeup Revolution",
    "color": "рыжие",
    "skin_tone": [
      "средний"
    ],
    "eye_color": [
      "карие",
      "зеленые"
    ],
    "occasion": [
      "осенний",
      "повседневный"
    ],
    "price": 1100,
    "description": "Теплая палитра под осень",
    "image_url": "https://example.com/eyeshadow8.jpg",
    "hair_color": [
      "блондин",
      "русые",
      "шатен",
      "брюнет",
      "рыжие"
    ],
    "face_shape": [
      "овальное",
      "квадратное",
      "круглое",
      "треугольное"
    ]
  },
  {
    "name": "Dark Night Palette",
    "brand": "NARS",
    "color": "черные",
    "skin_tone": [
      "темный",
      "средний"
    ],
    "eye_color": [
      "темные",
      "карие"
    ],
    "occasion": [
      "особый",
      "вечерний"
    ],
    "price": 5300,
    "description": "Темные оттенки, если хочется ярко",
    "image_url": "https://example.com/eyeshadow9.jpg",
    "hair_color": [
      "блондин",
      "русые",
      "шатен",
      "брюнет",
      "рыжие"
    ],
    "face_shape": [
      "овальное",
      "квадратное",
      "круглое",
      "треугольное"
    ]
  },
  {
    "name": "Natural Brown Single",
    "brand": "Catrice",
    "color": "коричневый",
    "skin_tone": [
      "светлый",
      "средний",
      "темный"
    ],
    "eye_color": [
      "карие",
      "зеленые",
      "голубые",
      "серые",
      "темные"
    ],
    "occasion": [
      "натуральный",
      "повседневный"
    ],
    "price": 300,
    "description": "Один оттенок, но часто хватает",
    "image_url": "https://example.com/eyeshadow10.jpg",
    "hair_color": [
      "блондин",
      "русые",
      "шатен",
      "брюнет",
      "рыжие"
    ],
    "face_shape": [
      "овальное",
      "квадратное",
      "круглое",
      "треугольное"
    ]
  },
  {
    "name": "Party Glitter Topper",
    "brand": "Glossier",
    "color": "блестящий",
    "skin_tone": [
      "светлый",
      "средний",
      "темный"
    ],
    "eye_color": [
      "карие",
      "зеленые",
      "голубые",
      "серые",
      "темные"
    ],
    "occasion": [
      "особый"
    ],
    "price": 1900,
    "description": "Топпер с блестками на праздники",
    "image_url": "https://example.com/eyeshadow11.jpg",
    "hair_color": [
      "блондин",
      "русые",
      "шатен",
      "брюнет",
      "рыжие"
    ],
    "face_shape": [
      "овальное",
      "квадратное",
      "круглое",
      "треугольное"
    ]
  }
]
