[
  {
    "name": "Champagne Pop Highlighter",
    "brand": "Becca",
    "color": "золотистый",
    "skin_tone": [
      "светлый",
      "средний"
    ],
    "eye_color": [
      "карие",
      "зеленые",
      "голубые",
      "серые"
    ],
    "occasion": [
      "повседневный",
      "вечерний",
      "особый"
    ],
    "price": 4200,
    "description": "Мягкий золотистый оттенок для сияния",
    "image_url": "https://example.com/highlighter1.jpg",
    "hair_color": [
      "блондин",
      "русые",
      "шатен",
      "брюнет",
      "рыжие"
    ],
    "face_shape": [
      "овальное",
      "квадратное",
      "круглое",
      "треугольное"
    ]
  },
  {
    "name": "Rose Gold Highlighter",
    "brand": "Fenty Beauty",
    "color": "розово-золотой",
    "skin_tone": [
      "светлый",
      "средний"
    ],
    "eye_color": [
      "карие",
      "зеленые"
    ],
    "occasion": [
      "вечерний",
      "особый"
    ],
    "price": 3500,
    "description": "Розово-золотой хайлайтер для вечернего макияжа",
    "image_url": "https://example.com/highlighter2.jpg",
    "hair_color": [
      "блондин",
      "русые",
      "шатен",
      "брюнет",
      "рыжие"
    ],
    "face_shape": [
      "овальное",
      "квадратное",
      "круглое",
      "треугольное"
    ]
  },
  {
    "name": "Pearl Highlighter",
    "brand": "MAC",
    "color": "жемчужный",
    "skin_tone": [
      "светлый"
    ],
    "eye_color": [
      "голубые",
      "серые"
    ],
    "occasion": [
      "повседневный",
      "офисный",
      "натуральный"
    ],
    "price": 2800,
    "description": "Холодный жемчужный оттенок",
    "image_url": "https://example.com/highlighter3.jpg",
    "hair_color": [
      "блондин",
      "русые",
      "шатен",
      "брюнет",
      "рыжие"
    ],
    "face_shape": [
      "овальное",
      "квадратное",
      "круглое",
      "треугольное"
    ]
  },
  {
    "name": "Bronze Highlighter",
    "brand": "NARS",
    "color": "бронзовый",
    "skin_tone": [
      "средний",
      "темный"
    ],
    "eye_color": [
      "карие",
      "темные",
      "зеленые"
    ],
    "occasion": [
      "повседневный",
      "летний"
    ],
    "price": 3200,
    "description": "Теплый бронзовый для загорелой кожи",
    "image_url": "https://example.com/highlighter4.jpg",
    "hair_color": [
      "блондин",
      "русые",
      "шатен",
      "брюнет",
      "рыжие"
    ],
    "face_shape": [
      "овальное",
      "квадратное",
      "круглое",
      "треугольное"
    ]
  },
  {
    "name": "Soft Glow Stick",
    "brand": "NYX",
    "color": "шампань",
    "skin_tone": [
      "светлый",
      "средний"
    ],
    "eye_color": [
      "карие",
      "голубые",
      "серые"
    ],
    "occasion": [
      "натуральный",
      "повседневный"
    ],
    "price": 1100,
    "description": "Кремовый стик, удобно носить с собой",
    "image_url": "https://example.com/highlighter5.jpg",
    "hair_color": [
      "блондин",
      "русые",
      "шатен",
      "брюнет",
      "рыжие"
    ],
    "face_shape": [
      "овальное",
      "квадратное",
      "круглое",
      "треугольное"
    ]
  },
  {
    "name": "Moonlight Powder",
    "brand": "Sephora",
    "color": "холодный",
    "skin_tone": [
      "светлый"
    ],
    "eye_color": [
      "серые",
      "голубые"
    ],
    "occasion": [
      "вечерний",
      "зимний"
    ],
    "price": 1700,
    "description": "Холодное свечение, красиво под искусственным светом",
    "image_url": "https://example.com/highlighter6.jpg",
    "hair_color": [
      "блондин",
      "русые",
      "шатен",
      "брюнет",
      "рыжие"
    ],
    "face_shape": [
      "овальное",
      "квадратное",
      "круглое",
      "треугольное"
    ]
  },
  {
    "name": "Sunset Glow",
    "brand": "Makeup Revolution",
    "color": "персиковый",
    "skin_tone": [
      "светлый",
      "средний"
    ],
    "eye_color": [
      "зеленые",
      "карие"
    ],
    "occasion": [
      "летний",
      "повседневный"
    ],
    "price": 950,
    "description": "Персиковый хайлайтер для теплого образа",
    "image_url": "https://example.com/highlighter7.jpg",
    "hair_color": [
      "блондин",
      "русые",
      "шатен",
      "брюнет",
      "рыжие"
    ],
    "face_shape": [
      "овальное",
      "квадратное",
      "круглое",
      "треугольное"
    ]
  },
  {
    "name": "Deep Gold Glow",
    "brand": "Fenty Beauty",
    "color": "темное золото",
    "skin_tone": [
      "темный"
    ],
    "eye_color": [
      "карие",
      "темные"
    ],
    "occasion": [
      "вечерний",
      "особый"
    ],
    "price": 3600,
    "description": "Золотой оттенок, хорошо смотрится на темной коже",
    "image_url": "https://example.com/highlighter8.jpg",
    "hair_color": [
      "блондин",
      "русые",
      "шатен",
      "брюнет",
      "рыжие"
    ],
    "face_shape": [
      "овальное",
      "квадратное",
      "круглое",
      "треугольное"
    ]
  },
  {
    "name": "Office Glow",
    "brand": "Clinique",
    "color": "бежевый",
    "skin_tone": [
      "светлый",
      "средний"
    ],
    "eye_color": [
      "карие",
      "серые",
      "голубые"
    ],
    "occasion": [
      "офисный"
    ],
    "price": 2900,
    "description": "Очень спокойное сияние, без крупных блесток",
    "image_url": "https://example.com/highlighter9.jpg",
    "hair_color": [
      "блондин",
      "русые",
      "шатен",
      "брюнет",
      "рыжие"
    ],
    "face_shape": [
      "овальное",
      "квадратное",
      "круглое",
      "треугольное"
    ]
  },
  {
    "name": "Golden Dust",
    "brand": "Huda Beauty",
    "color": "золотой",
    "skin_tone": [
      "средний",
      "темный"
    ],
    "eye_color": [
      "карие",
      "зеленые",
      "темные"
    ],
    "occasion": [
      "особый",
      "вечерний"
    ],
    "price": 4100,
    "description": "Яркий хайлайтер для фото",
    "image_url": "https://example.com/highlighter10.jpg",
    "hair_color": [
      "блондин",
      "русые",
      "шатен",
      "брюнет",
      "рыжие"
    ],
    "face_shape": [
      "овальное",
      "квадратное",
      "круглое",
      "треугольное"
    ]
  },
  {
    "name": "Autumn Bronze",
    "brand": "L'Oreal",
    "color": "бронза",
    "skin_tone": [
      "средний"
    ],
    "eye_color": [
      "карие",
      "зеленые"
    ],
    "occasion": [
      "осенний"
    ],
    "price": 1400,
    "description": "Теплый бронзовый оттенок",
    "image_url": "https://example.com/highlighter11.jpg",
    "hair_color": [
      "блондин",
      "русые",
      "шатен",
      "брюнет",
      "рыжие"
    ],
    "face_shape": [
      "овальное",
      "квадратное",
      "круглое",
      "треугольное"
    ]
  },
  {
    "name": "Natural Shine",
    "brand": "Catrice",
    "color": "шампань",
    "skin_tone": [
      "светлый",
      "средний",
      "темный"
    ],
    "eye_color": [
      "карие",
      "зеленые",
      "голубые",
      "серые",
      "темные"
    ],
    "occasion": [
      "натуральный",
      "повседневный"
    ],
    "price": 700,
    "description": "Дешевый, но нормальный вариант на каждый день",
    "image_url": "https://example.com/highlighter12.jpg",
    "hair_color": [
      "блондин",
      "русые",
      "шатен",
      "брюнет",
      "рыжие"
    ],
    "face_shape": [
      "овальное",
      "квадратное",
      "круглое",
      "треугольное"
    ]
  }
]
