[
  {
    "name": "Fenty Glow",
    "brand": "Fenty Beauty",
    "color": "розовый",
    "skin_tone": [
      "светлый",
      "средний",
      "темный"
    ],
    "eye_color": [
      "карие",
      "зеленые",
      "голубые",
      "серые",
      "темные"
    ],
    "occasion": [
      "повседневный",
      "летний"
    ],
    "price": 1800,
    "description": "Универсальный розовый блеск",
    "image_url": "https://example.com/gloss1.jpg",
    "hair_color": [
      "блондин",
      "русые",
      "шатен",
      "брюнет",
      "рыжие"
    ],
    "face_shape": [
      "овальное",
      "квадратное",
      "круглое",
      "треугольное"
    ]
  },
  {
    "name": "Clear Shine",
    "brand": "Glossier",
    "color": "прозрачный",
    "skin_tone": [
      "светлый",
      "средний",
      "темный"
    ],
    "eye_color": [
      "карие",
      "зеленые",
      "голубые",
      "серые",
      "темные"
    ],
    "occasion": [
      "повседневный",
      "натуральный"
    ],
    "price": 1500,
    "description": "Прозрачный блеск на каждый день",
    "image_url": "https://example.com/gloss2.jpg",
    "hair_color": [
      "блондин",
      "русые",
      "шатен",
      "брюнет",
      "рыжие"
    ],
    "face_shape": [
      "овальное",
      "квадратное",
      "круглое",
      "треугольное"
    ]
  },
  {
    "name": "Peachy Keen",
    "brand": "Too Faced",
    "color": "персиковый",
    "skin_tone": [
      "светлый",
      "средний"
    ],
    "eye_color": [
      "голубые",
      "зеленые"
    ],
    "occasion": [
      "летний",
      "повседневный"
    ],
    "price": 2000,
    "description": "Персиковый оттенок с мерцанием",
    "image_url": "https://example.com/gloss3.jpg",
    "hair_color": [
      "блондин",
      "русые",
      "шатен",
      "брюнет",
      "рыжие"
    ],
    "face_shape": [
      "овальное",
      "квадратное",
      "круглое",
      "треугольное"
    ]
  },
  {
    "name": "Cherry Bomb",
    "brand": "NYX",
    "color": "вишневый",
    "skin_tone": [
      "светлый",
      "средний"
    ],
    "eye_color": [
      "карие",
      "зеленые"
    ],
    "occasion": [
      "вечерний",
      "особый"
    ],
    "price": 1200,
    "description": "Яркий вишневый блеск",
    "image_url": "https://example.com/gloss4.jpg",
    "hair_color": [
      "блондин",
      "русые",
      "шатен",
      "брюнет",
      "рыжие"
    ],
    "face_shape": [
      "овальное",
      "квадратное",
      "круглое",
      "треугольное"
    ]
  },
  {
    "name": "Office Nude Gloss",
    "brand": "Maybelline",
    "color": "нюд",
    "skin_tone": [
      "светлый",
      "средний",
      "темный"
    ],
    "eye_color": [
      "карие",
      "серые",
      "голубые"
    ],
    "occasion": [
      "офисный"
    ],
    "price": 650,
    "description": "Спокойный нюдовый блеск",
    "image_url": "https://example.com/gloss5.jpg",
    "hair_color": [
      "блондин",
      "русые",
      "шатен",
      "брюнет",
      "рыжие"
    ],
    "face_shape": [
      "овальное",
      "квадратное",
      "круглое",
      "треугольное"
    ]
  },
  {
    "name": "Cold Pink",
    "brand": "Sephora",
    "color": "холодный розовый",
    "skin_tone": [
      "светлый"
    ],
    "eye_color": [
      "серые",
      "голубые"
    ],
    "occasion": [
      "зимний",
      "вечерний"
    ],
    "price": 1100,
    "description": "Холодный розовый на зиму",
    "image_url": "https://example.com/gloss6.jpg",
    "hair_color": [
      "блондин",
      "русые",
      "шатен",
      "брюнет",
      "рыжие"
    ],
    "face_shape": [
      "овальное",
      "квадратное",
      "круглое",
      "треугольное"
    ]
  },
  {
    "name": "Autumn Caramel",
    "brand": "L'Oreal",
    "color": "карамельный",
    "skin_tone": [
      "средний"
    ],
    "eye_color": [
      "карие",
      "зеленые"
    ],
    "occasion": [
      "осенний",
      "повседневный"
    ],
    "price": 900,
    "description": "Теплый карамельный блеск",
    "image_url": "https://example.com/gloss7.jpg",
    "hair_color": [
      "блондин",
      "русые",
      "шатен",
      "брюнет",
      "рыжие"
    ],
    "face_shape": [
      "овальное",
      "квадратное",
      "круглое",
      "треугольное"
    ]
  },
  {
    "name": "Dark Berry Gloss",
    "brand": "MAC",
    "color": "ягодный",
    "skin_tone": [
      "темный",
      "средний"
    ],
    "eye_color": [
      "карие",
      "темные"
    ],
    "occasion": [
      "вечерний",
      "особый"
    ],
    "price": 2100,
    "description": "Ягодный блеск, не супер яркий",
    "image_url": "https://example.com/gloss8.jpg",
    "hair_color": [
      "блондин",
      "русые",
      "шатен",
      "брюнет",
      "рыжие"
    ],
    "face_shape": [
      "овальное",
      "квадратное",
      "круглое",
      "треугольное"
    ]
  },
  {
    "name": "Glossy Balm",
    "brand": "Catrice",
    "color": "прозрачный",
    "skin_tone": [
      "светлый",
      "средний",
      "темный"
    ],
    "eye_color": [
      "карие",
      "зеленые",
      "голубые",
      "серые",
      "темные"
    ],
    "occasion": [
      "натуральный"
    ],
    "price": 450,
    "description": "Бальзам с блеском, если губы сухие",
    "image_url": "https://example.com/gloss9.jpg",
    "hair_color": [
      "блондин",
      "русые",
      "шатен",
      "брюнет",
      "рыжие"
    ],
    "face_shape": [
      "овальное",
      "квадратное",
      "круглое",
      "треугольное"
    ]
  },
  {
    "name": "Party Sparkle",
    "brand": "Huda Beauty",
    "color": "с блестками",
    "skin_tone": [
      "светлый",
      "средний",
      "темный"
    ],
    "eye_color": [
      "карие",
      "зеленые",
      "голубые",
      "серые",
      "темные"
    ],
    "occasion": [
      "особый"
    ],
    "price": 2600,
    "description": "Блеск с блестками для праздников",
    "image_url": "https://example.com/gloss10.jpg",
    "hair_color": [
      "блондин",
      "русые",
      "шатен",
      "брюнет",
      "рыжие"
    ],
    "face_shape": [
      "овальное",
      "квадратное",
      "круглое",
      "треугольное"
    ]
  }
]
