[
  {
    "name": "Ruby Woo",
    "brand": "MAC",
    "color": "красный",
    "skin_tone": [
      "светлый",
      "средний",
      "темный"
    ],
    "eye_color": [
      "карие",
      "зеленые",
      "голубые",
      "серые",
      "темные"
    ],
    "occasion": [
      "вечерний",
      "особый"
    ],
    "price": 2200,
    "description": "Классический матовый красный",
    "image_url": "https://example.com/lipstick1.jpg",
    "hair_color": [
      "блондин",
      "русые",
      "шатен",
      "брюнет",
      "рыжие"
    ],
    "face_shape": [
      "овальное",
      "квадратное",
      "круглое",
      "треугольное"
    ]
  },
  {
    "name": "Nude Rose",
    "brand": "Charlotte Tilbury",
    "color": "розовый",
    "skin_tone": [
      "светлый",
      "средний"
    ],
    "eye_color": [
      "голубые",
      "серые"
    ],
    "occasion": [
      "повседневный",
      "офисный"
    ],
    "price": 3500,
    "description": "Нюдовая помада на каждый день",
    "image_url": "https://example.com/lipstick2.jpg",
    "hair_color": [
      "блондин",
      "русые",
      "шатен",
      "брюнет",
      "рыжие"
    ],
    "face_shape": [
      "овальное",
      "квадратное",
      "круглое",
      "треугольное"
    ]
  },
  {
    "name": "Berry Crush",
    "brand": "Yves Saint Laurent",
    "color": "ягодный",
    "skin_tone": [
      "светлый",
      "средний"
    ],
    "eye_color": [
      "карие",
      "зеленые"
    ],
    "occasion": [
      "вечерний",
      "осенний"
    ],
    "price": 4200,
    "description": "Ягодный оттенок под осень",
    "image_url": "https://example.com/lipstick3.jpg",
    "hair_color": [
      "блондин",
      "русые",
      "шатен",
      "брюнет",
      "рыжие"
    ],
    "face_shape": [
      "овальное",
      "квадратное",
      "круглое",
      "треугольное"
    ]
  },
  {
    "name": "Coral Sunset",
    "brand": "Dior",
    "color": "коралловый",
    "skin_tone": [
      "светлый",
      "средний"
    ],
    "eye_color": [
      "голубые",
      "зеленые"
    ],
    "occasion": [
      "летний",
      "повседневный"
    ],
    "price": 3800,
    "description": "Коралловая помада для лета",
    "image_url": "https://example.com/lipstick4.jpg",
    "hair_color": [
      "блондин",
      "русые",
      "шатен",
      "брюнет",
      "рыжие"
    ],
    "face_shape": [
      "овальное",
      "квадратное",
      "круглое",
      "треугольное"
    ]
  },
  {
    "name": "Deep Plum",
    "brand": "MAC",
    "color": "сливовый",
    "skin_tone": [
      "средний",
      "темный"
    ],
    "eye_color": [
      "карие",
      "темные"
    ],
    "occasion": [
      "вечерний",
      "зимний"
    ],
    "price": 2200,
    "description": "Сливовый оттенок для темных образов",
    "image_url": "https://example.com/lipstick5.jpg",
    "hair_color": [
      "блондин",
      "русые",
      "шатен",
      "брюнет",
      "рыжие"
    ],
    "face_shape": [
      "овальное",
      "квадратное",
      "круглое",
      "треугольное"
    ]
  },
  {
    "name": "Office Mauve",
    "brand": "Maybelline",
    "color": "пыльная роза",
    "skin_tone": [
      "светлый",
      "средний",
      "темный"
    ],
    "eye_color": [
      "карие",
      "серые",
      "голубые"
    ],
    "occasion": [
      "офисный"
    ],
    "price": 700,
    "description": "Спокойная помада для офиса",
    "image_url": "https://example.com/lipstick6.jpg",
    "hair_color": [
      "блондин",
      "русые",
      "шатен",
      "брюнет",
      "рыжие"
    ],
    "face_shape": [
      "овальное",
      "квадратное",
      "круглое",
      "треугольное"
    ]
  },
  {
    "name": "Soft Nude",
    "brand": "NYX",
    "color": "нюд",
    "skin_tone": [
      "светлый",
      "средний"
    ],
    "eye_color": [
      "карие",
      "зеленые",
      "серые"
    ],
    "occasion": [
      "натуральный",
      "повседневный"
    ],
    "price": 650,
    "description": "Нюдовая помада, без сильного оттенка",
    "image_url": "https://example.com/lipstick7.jpg",
    "hair_color": [
      "блондин",
      "русые",
      "шатен",
      "брюнет",
      "рыжие"
    ],
    "face_shape": [
      "овальное",
      "квадратное",
      "круглое",
      "треугольное"
    ]
  },
  {
    "name": "Bright Fuchsia",
    "brand": "Sephora",
    "color": "фуксия",
    "skin_tone": [
      "светлый",
      "средний"
    ],
    "eye_color": [
      "карие",
      "зеленые",
      "голубые"
    ],
    "occasion": [
      "особый"
    ],
    "price": 1500,
    "description": "Яркая фуксия, если хочется вау",
    "image_url": "https://example.com/lipstick8.jpg",
    "hair_color": [
      "блондин",
      "русые",
      "шатен",
      "брюнет",
      "рыжие"
    ],
    "face_shape": [
      "овальное",
      "квадратное",
      "круглое",
      "треугольное"
    ]
  },
  {
    "name": "Dark Chocolate",
    "brand": "Fenty Beauty",
    "color": "коричневый",
    "skin_tone": [
      "темный"
    ],
    "eye_color": [
      "темные",
      "карие"
    ],
    "occasion": [
      "вечерний",
      "особый"
    ],
    "price": 2800,
    "description": "Глубокий коричневый оттенок",
    "image_url": "https://example.com/lipstick9.jpg",
    "hair_color": [
      "блондин",
      "русые",
      "шатен",
      "брюнет",
      "рыжие"
    ],
    "face_shape": [
      "овальное",
      "квадратное",
      "круглое",
      "треугольное"
    ]
  },
  {
    "name": "Warm Brick",
    "brand": "L'Oreal",
    "color": "кирпичный",
    "skin_tone": [
      "средний",
      "темный"
    ],
    "eye_color": [
      "карие",
      "зеленые",
      "темные"
    ],
    "occasion": [
      "осенний",
      "вечерний"
    ],
    "price": 1200,
    "description": "Кирпичный оттенок, прям осень",
    "image_url": "https://example.com/lipstick10.jpg",
    "hair_color": [
      "блондин",
      "русые",
      "шатен",
      "брюнет",
      "рыжие"
    ],
    "face_shape": [
      "овальное",
      "квадратное",
      "круглое",
      "треугольное"
    ]
  },
  {
    "name": "Winter Berry",
    "brand": "NARS",
    "color": "винный",
    "skin_tone": [
      "светлый",
      "средний"
    ],
    "eye_color": [
      "серые",
      "голубые",
      "карие"
    ],
    "occasion": [
      "зимний",
      "особый"
    ],
    "price": 3300,
    "description": "Винный оттенок на зиму",
    "image_url": "https://example.com/lipstick11.jpg",
    "hair_color": [
      "блондин",
      "русые",
      "шатен",
      "брюнет",
      "рыжие"
    ],
    "face_shape": [
      "овальное",
      "квадратное",
      "круглое",
      "треугольное"
    ]
  },
  {
    "name": "Everyday Pink",
    "brand": "Catrice",
    "color": "розовый",
    "skin_tone": [
      "светлый"
    ],
    "eye_color": [
      "голубые",
      "серые"
    ],
    "occasion": [
      "повседневный"
    ],
    "price": 500,
    "description": "Простая розовая помада",
    "image_url": "https://example.com/lipstick12.jpg",
    "hair_color": [
      "блондин",
      "русые",
      "шатен",
      "брюнет",
      "рыжие"
    ],
    "face_shape": [
      "овальное",
      "квадратное",
      "круглое",
      "треугольное"
    ]
  }
]
