[
  {
    "name": "Lash Paradise",
    "brand": "L'Oreal",
    "color": "черный",
    "skin_tone": [
      "светлый",
      "средний",
      "темный"
    ],
    "eye_color": [
      "карие",
      "зеленые",
      "голубые",
      "серые",
      "темные"
    ],
    "occasion": [
      "повседневный",
      "офисный",
      "вечерний"
    ],
    "price": 1200,
    "description": "Тушь для объема и длины",
    "image_url": "https://example.com/mascara1.jpg",
    "hair_color": [
      "блондин",
      "русые",
      "шатен",
      "брюнет",
      "рыжие"
    ],
    "face_shape": [
      "овальное",
      "квадратное",
      "круглое",
      "треугольное"
    ]
  },
  {
    "name": "Better Than Sex",
    "brand": "Too Faced",
    "color": "черный",
    "skin_tone": [
      "светлый",
      "средний",
      "темный"
    ],
    "eye_color": [
      "карие",
      "зеленые",
      "голубые",
      "темные"
    ],
    "occasion": [
      "вечерний",
      "особый"
    ],
    "price": 2500,
    "description": "Тушь для максимального объема",
    "image_url": "https://example.com/mascara2.jpg",
    "hair_color": [
      "блондин",
      "русые",
      "шатен",
      "брюнет",
      "рыжие"
    ],
    "face_shape": [
      "овальное",
      "квадратное",
      "круглое",
      "треугольное"
    ]
  },
  {
    "name": "Natural Lash",
    "brand": "Glossier",
    "color": "коричневый",
    "skin_tone": [
      "светлый",
      "средний"
    ],
    "eye_color": [
      "голубые",
      "зеленые",
      "серые"
    ],
    "occasion": [
      "повседневный",
      "натуральный"
    ],
    "price": 1800,
    "description": "Тушь для более натурального вида",
    "image_url": "https://example.com/mascara3.jpg",
    "hair_color": [
      "блондин",
      "русые",
      "шатен",
      "брюнет",
      "рыжие"
    ],
    "face_shape": [
      "овальное",
      "квадратное",
      "круглое",
      "треугольное"
    ]
  },
  {
    "name": "Waterproof Volume",
    "brand": "Maybelline",
    "color": "черный",
    "skin_tone": [
      "светлый",
      "средний",
      "темный"
    ],
    "eye_color": [
      "карие",
      "зеленые",
      "голубые"
    ],
    "occasion": [
      "летний",
      "особый"
    ],
    "price": 1000,
    "description": "Водостойкая тушь на долго",
    "image_url": "https://example.com/mascara4.jpg",
    "hair_color": [
      "блондин",
      "русые",
      "шатен",
      "брюнет",
      "рыжие"
    ],
    "face_shape": [
      "овальное",
      "квадратное",
      "круглое",
      "треугольное"
    ]
  },
  {
    "name": "Office Mascara",
    "brand": "Clinique",
    "color": "черный",
    "skin_tone": [
      "светлый",
      "средний",
      "темный"
    ],
    "eye_color": [
      "карие",
      "серые",
      "голубые"
    ],
    "occasion": [
      "офисный"
    ],
    "price": 2300,
    "description": "Аккуратная тушь без сильно драматичного эффекта",
    "image_url": "https://example.com/mascara5.jpg",
    "hair_color": [
      "блондин",
      "русые",
      "шатен",
      "брюнет",
      "рыжие"
    ],
    "face_shape": [
      "овальное",
      "квадратное",
      "круглое",
      "треугольное"
    ]
  },
  {
    "name": "Brown Soft Mascara",
    "brand": "NYX",
    "color": "коричневый",
    "skin_tone": [
      "светлый",
      "средний"
    ],
    "eye_color": [
      "голубые",
      "зеленые",
      "серые"
    ],
    "occasion": [
      "натуральный",
      "повседневный"
    ],
    "price": 850,
    "description": "Коричневая тушь, если черная кажется слишком",
    "image_url": "https://example.com/mascara6.jpg",
    "hair_color": [
      "блондин",
      "русые",
      "шатен",
      "брюнет",
      "рыжие"
    ],
    "face_shape": [
      "овальное",
      "квадратное",
      "круглое",
      "треугольное"
    ]
  },
  {
    "name": "Mega Length",
    "brand": "Catrice",
    "color": "черный",
    "skin_tone": [
      "светлый",
      "средний",
      "темный"
    ],
    "eye_color": [
      "карие",
      "зеленые",
      "голубые",
      "серые",
      "темные"
    ],
    "occasion": [
      "повседневный"
    ],
    "price": 600,
    "description": "Бюджетная тушь для длины",
    "image_url": "https://example.com/mascara7.jpg",
    "hair_color": [
      "блондин",
      "русые",
      "шатен",
      "брюнет",
      "рыжие"
    ],
    "face_shape": [
      "овальное",
      "квадратное",
      "круглое",
      "треугольное"
    ]
  },
  {
    "name": "Winter Curl",
    "brand": "Sephora",
    "color": "черный",
    "skin_tone": [
      "светлый",
      "средний"
    ],
    "eye_color": [
      "серые",
      "голубые"
    ],
    "occasion": [
      "зимний",
      "вечерний"
    ],
    "price": 1600,
    "description": "Подкручивает, хорошо держится на холоде",
    "image_url": "https://example.com/mascara8.jpg",
    "hair_color": [
      "блондин",
      "русые",
      "шатен",
      "брюнет",
      "рыжие"
    ],
    "face_shape": [
      "овальное",
      "квадратное",
      "круглое",
      "треугольное"
    ]
  },
  {
    "name": "Autumn Volume",
    "brand": "L'Oreal",
    "color": "черный",
    "skin_tone": [
      "средний"
    ],
    "eye_color": [
      "карие",
      "зеленые",
      "темные"
    ],
    "occasion": [
      "осенний",
      "вечерний"
    ],
    "price": 1250,
    "description": "Больше объема под осенний макияж",
    "image_url": "https://example.com/mascara9.jpg",
    "hair_color": [
      "блондин",
      "русые",
      "шатен",
      "брюнет",
      "рыжие"
    ],
    "face_shape": [
      "овальное",
      "квадратное",
      "круглое",
      "треугольное"
    ]
  },
  {
    "name": "Deep Black Drama",
    "brand": "MAC",
    "color": "черный",
    "skin_tone": [
      "темный"
    ],
    "eye_color": [
      "карие",
      "темные"
    ],
    "occasion": [
      "особый",
      "вечерний"
    ],
    "price": 2400,
    "description": "Очень черная тушь, если нужен драматичный эффект",
    "image_url": "https://example.com/mascara10.jpg",
    "hair_color": [
      "блондин",
      "русые",
      "шатен",
      "брюнет",
      "рыжие"
    ],
    "face_shape": [
      "овальное",
      "квадратное",
      "круглое",
      "треугольное"
    ]
  }
]
